Well,,A01,A02,A03,A04,A05,A06,A07,A08,A09,A10,A11,A12,B01,B02,B03,B04,B05,B06,B07,B08,B09,B10,B11,B12,C01,C02,C03,C04,C05,C06,C07,C08,C09,C10,C11,C12,D01,D02,D03,D04,D05,D06,D07,D08,D09,D10,D11,D12,E01,E02,E03,E04,E05,E06,E07,E08,E09,E10,E11,E12,F01,F02,F03,F04,F05,F06,F07,F08,F09,F10,F11,F12,G01,G02,G03,G04,G05,G06,G07,G08,G09,G10,G11,G12,H01,H02,H03,H04,H05,H06,H07,H08,H09,H10,H11,H12
Content,Time,Sample X1,Sample X2,Sample X3,Sample X4,Sample X5,Sample X6,Sample X7,Sample X8,Sample X9,Sample X10,Sample X11,Sample X12,Sample X13,Sample X14,Sample X15,Sample X16,Sample X17,Sample X18,Sample X19,Sample X20,Sample X21,Sample X22,Sample X23,Sample X24,Sample X25,Sample X26,Sample X27,Sample X28,Sample X29,Sample X30,Sample X31,Sample X32,Sample X33,Sample X34,Sample X35,Sample X36,Sample X37,Sample X38,Sample X39,Sample X40,Sample X41,Sample X42,Sample X43,Sample X44,Sample X45,Sample X46,Sample X47,Sample X48,Sample X49,Sample X50,Sample X51,Sample X52,Sample X53,Sample X54,Sample X55,Sample X56,Sample X57,Sample X58,Sample X59,Sample X60,Sample X61,Sample X62,Sample X63,Sample X64,Sample X65,Sample X66,Sample X67,Sample X68,Sample X69,Sample X70,Sample X71,Sample X72,Sample X73,Sample X74,Sample X75,Sample X76,Sample X77,Sample X78,Sample X79,Sample X80,Sample X81,Sample X82,Sample X83,Sample X84,Sample X85,Sample X86,Sample X87,Sample X88,Sample X89,Sample X90,Sample X91,Sample X92,Sample X93,Sample X94,Sample X95,Sample X96
Raw Data  (600),0 h ,0.351,0.346,0.327,0.321,0.279,0.262,0.261,0.259,0.259,0.251,0.260,0.262,0.350,0.386,0.376,0.369,0.358,0.364,0.370,0.393,0.367,0.364,0.354,0.267,0.345,0.392,0.468,0.433,0.396,0.356,0.380,0.380,0.380,0.373,0.337,0.274,0.346,0.423,0.411,0.391,0.391,0.387,0.399,0.398,0.356,0.359,0.338,0.281,0.317,0.398,0.411,0.383,0.356,0.363,0.379,0.381,0.371,0.364,0.344,0.275,0.332,0.404,0.408,0.399,0.373,0.362,0.369,0.361,0.373,0.370,0.355,0.260,0.311,0.391,0.406,0.422,0.389,0.389,0.385,0.362,0.370,0.351,0.336,0.272,0.307,0.308,0.310,0.291,0.285,0.296,0.276,0.268,0.284,0.270,0.276,0.264
Raw Data  (600),0 h 15 min,0.344,0.341,0.331,0.313,0.278,0.271,0.261,0.260,0.253,0.249,0.260,0.259,0.349,0.404,0.389,0.388,0.366,0.372,0.379,0.389,0.364,0.377,0.364,0.267,0.342,0.430,0.472,0.481,0.398,0.367,0.402,0.413,0.391,0.378,0.358,0.274,0.339,0.411,0.466,0.397,0.401,0.386,0.401,0.401,0.369,0.378,0.376,0.283,0.322,0.413,0.408,0.390,0.379,0.367,0.395,0.404,0.390,0.381,0.364,0.282,0.338,0.414,0.412,0.401,0.386,0.376,0.381,0.376,0.365,0.374,0.369,0.267,0.320,0.428,0.422,0.415,0.404,0.388,0.395,0.394,0.381,0.378,0.360,0.276,0.321,0.308,0.303,0.303,0.290,0.296,0.285,0.277,0.288,0.281,0.278,0.264
Raw Data  (600),0 h 30 min,0.337,0.342,0.325,0.313,0.274,0.267,0.257,0.257,0.256,0.248,0.261,0.259,0.352,0.409,0.391,0.396,0.371,0.370,0.383,0.396,0.365,0.356,0.357,0.264,0.346,0.420,0.473,0.469,0.399,0.371,0.407,0.410,0.367,0.373,0.362,0.279,0.339,0.408,0.448,0.401,0.402,0.390,0.400,0.413,0.371,0.387,0.366,0.274,0.321,0.411,0.416,0.405,0.393,0.384,0.405,0.420,0.377,0.393,0.385,0.287,0.339,0.415,0.417,0.402,0.391,0.381,0.389,0.383,0.376,0.372,0.368,0.270,0.322,0.429,0.427,0.417,0.403,0.390,0.395,0.387,0.388,0.382,0.372,0.274,0.319,0.309,0.301,0.302,0.290,0.293,0.284,0.275,0.295,0.278,0.279,0.267
Raw Data  (600),0 h 45 min,0.339,0.339,0.326,0.311,0.279,0.274,0.260,0.261,0.260,0.251,0.262,0.261,0.350,0.404,0.395,0.391,0.376,0.366,0.394,0.386,0.363,0.379,0.369,0.270,0.345,0.418,0.474,0.483,0.400,0.375,0.413,0.418,0.387,0.383,0.361,0.281,0.342,0.419,0.434,0.402,0.403,0.389,0.400,0.409,0.373,0.377,0.365,0.287,0.326,0.415,0.414,0.401,0.395,0.389,0.399,0.422,0.393,0.394,0.374,0.284,0.340,0.424,0.414,0.397,0.383,0.381,0.380,0.376,0.375,0.379,0.369,0.266,0.327,0.434,0.427,0.418,0.393,0.390,0.395,0.387,0.383,0.376,0.371,0.281,0.326,0.307,0.311,0.305,0.294,0.299,0.284,0.273,0.278,0.276,0.280,0.264
Raw Data  (600),1 h ,0.284,0.284,0.332,0.311,0.274,0.267,0.256,0.260,0.249,0.249,0.261,0.260,0.349,0.408,0.384,0.393,0.378,0.375,0.385,0.397,0.354,0.361,0.357,0.268,0.348,0.424,0.473,0.504,0.413,0.388,0.413,0.428,0.399,0.379,0.378,0.280,0.344,0.411,0.426,0.408,0.406,0.392,0.404,0.419,0.368,0.378,0.374,0.280,0.324,0.421,0.419,0.407,0.394,0.388,0.403,0.396,0.404,0.389,0.379,0.279,0.342,0.423,0.416,0.413,0.394,0.386,0.393,0.387,0.379,0.379,0.376,0.266,0.321,0.422,0.424,0.414,0.397,0.387,0.392,0.389,0.383,0.381,0.371,0.276,0.320,0.307,0.307,0.301,0.294,0.296,0.285,0.277,0.276,0.275,0.277,0.265
Raw Data  (600),1 h 15 min,0.284,0.286,0.331,0.310,0.277,0.271,0.259,0.259,0.251,0.249,0.260,0.262,0.348,0.407,0.391,0.390,0.378,0.364,0.389,0.382,0.357,0.360,0.351,0.269,0.349,0.427,0.471,0.473,0.413,0.392,0.416,0.426,0.386,0.386,0.367,0.273,0.335,0.417,0.423,0.409,0.407,0.403,0.409,0.418,0.376,0.385,0.379,0.271,0.321,0.422,0.422,0.407,0.397,0.394,0.385,0.416,0.395,0.400,0.377,0.277,0.341,0.426,0.427,0.415,0.394,0.389,0.396,0.401,0.381,0.390,0.377,0.269,0.329,0.431,0.435,0.432,0.413,0.393,0.404,0.402,0.395,0.386,0.385,0.278,0.319,0.303,0.302,0.298,0.287,0.299,0.285,0.272,0.283,0.277,0.277,0.267
Raw Data  (600),1 h 30 min,0.285,0.289,0.330,0.310,0.280,0.274,0.261,0.260,0.251,0.251,0.260,0.262,0.292,0.409,0.401,0.393,0.372,0.369,0.395,0.387,0.364,0.371,0.366,0.267,0.347,0.422,0.472,0.490,0.411,0.388,0.419,0.423,0.378,0.393,0.370,0.277,0.343,0.410,0.416,0.410,0.411,0.397,0.413,0.427,0.383,0.390,0.383,0.265,0.292,0.414,0.415,0.399,0.410,0.380,0.397,0.383,0.397,0.388,0.377,0.282,0.339,0.420,0.420,0.401,0.386,0.380,0.386,0.385,0.372,0.379,0.369,0.269,0.330,0.424,0.421,0.424,0.401,0.389,0.392,0.388,0.388,0.381,0.374,0.280,0.328,0.305,0.298,0.301,0.292,0.296,0.289,0.276,0.277,0.286,0.281,0.266
Raw Data  (600),1 h 45 min,0.293,0.284,0.324,0.310,0.276,0.266,0.260,0.256,0.258,0.252,0.263,0.263,0.291,0.406,0.392,0.386,0.374,0.369,0.392,0.377,0.353,0.357,0.361,0.269,0.352,0.416,0.473,0.494,0.414,0.393,0.422,0.435,0.383,0.382,0.372,0.277,0.294,0.409,0.420,0.406,0.407,0.398,0.407,0.423,0.371,0.382,0.377,0.274,0.292,0.419,0.415,0.403,0.388,0.384,0.397,0.408,0.395,0.383,0.379,0.277,0.341,0.426,0.423,0.418,0.394,0.385,0.400,0.392,0.381,0.381,0.384,0.271,0.330,0.424,0.425,0.419,0.407,0.395,0.400,0.398,0.391,0.380,0.387,0.281,0.314,0.310,0.306,0.304,0.291,0.296,0.288,0.282,0.281,0.277,0.286,0.267
Raw Data  (600),2 h ,0.287,0.285,0.320,0.311,0.275,0.270,0.257,0.260,0.253,0.250,0.257,0.261,0.289,0.412,0.399,0.397,0.373,0.370,0.384,0.379,0.364,0.362,0.365,0.265,0.346,0.417,0.476,0.506,0.420,0.403,0.425,0.435,0.393,0.389,0.382,0.278,0.296,0.412,0.420,0.410,0.404,0.402,0.412,0.415,0.363,0.378,0.381,0.265,0.291,0.419,0.419,0.404,0.399,0.387,0.390,0.407,0.391,0.389,0.361,0.273,0.339,0.422,0.431,0.418,0.401,0.389,0.398,0.399,0.385,0.392,0.379,0.270,0.323,0.421,0.429,0.418,0.405,0.401,0.398,0.391,0.399,0.385,0.389,0.274,0.317,0.309,0.305,0.304,0.288,0.293,0.286,0.282,0.282,0.265,0.281,0.261
Raw Data  (600),2 h 15 min,0.287,0.286,0.287,0.310,0.277,0.275,0.260,0.262,0.253,0.251,0.259,0.261,0.288,0.413,0.399,0.397,0.381,0.372,0.381,0.384,0.359,0.349,0.353,0.270,0.349,0.419,0.476,0.471,0.413,0.400,0.424,0.432,0.390,0.378,0.359,0.275,0.290,0.419,0.423,0.410,0.412,0.410,0.414,0.411,0.378,0.385,0.376,0.278,0.291,0.421,0.421,0.406,0.382,0.384,0.404,0.405,0.398,0.384,0.372,0.280,0.340,0.430,0.433,0.422,0.401,0.395,0.384,0.408,0.386,0.388,0.382,0.273,0.330,0.425,0.426,0.417,0.399,0.401,0.397,0.396,0.388,0.379,0.386,0.283,0.314,0.301,0.305,0.300,0.287,0.296,0.288,0.271,0.284,0.276,0.282,0.262
Raw Data  (600),2 h 30 min,0.287,0.286,0.285,0.308,0.280,0.269,0.259,0.264,0.254,0.250,0.264,0.261,0.297,0.414,0.402,0.395,0.381,0.377,0.384,0.373,0.364,0.359,0.369,0.268,0.347,0.423,0.475,0.512,0.432,0.403,0.424,0.432,0.385,0.395,0.377,0.268,0.301,0.417,0.414,0.414,0.415,0.402,0.407,0.427,0.379,0.388,0.393,0.281,0.288,0.422,0.426,0.409,0.405,0.395,0.406,0.423,0.384,0.385,0.364,0.274,0.341,0.432,0.431,0.415,0.400,0.398,0.401,0.372,0.385,0.386,0.378,0.270,0.326,0.422,0.422,0.414,0.405,0.398,0.398,0.395,0.388,0.384,0.376,0.279,0.311,0.303,0.304,0.304,0.290,0.294,0.288,0.282,0.275,0.276,0.280,0.266
Raw Data  (600),2 h 45 min,0.287,0.284,0.284,0.310,0.277,0.271,0.256,0.261,0.252,0.252,0.259,0.266,0.290,0.414,0.400,0.400,0.383,0.378,0.379,0.378,0.363,0.363,0.366,0.268,0.344,0.413,0.474,0.501,0.419,0.397,0.419,0.433,0.390,0.378,0.360,0.272,0.298,0.426,0.423,0.416,0.418,0.406,0.413,0.425,0.378,0.382,0.383,0.282,0.290,0.424,0.429,0.414,0.404,0.407,0.403,0.405,0.406,0.396,0.370,0.278,0.342,0.432,0.434,0.420,0.408,0.400,0.393,0.391,0.389,0.392,0.390,0.276,0.325,0.427,0.423,0.420,0.414,0.400,0.398,0.396,0.388,0.380,0.385,0.282,0.312,0.305,0.296,0.299,0.290,0.293,0.285,0.285,0.274,0.274,0.280,0.263
Raw Data  (600),3 h ,0.287,0.287,0.284,0.310,0.277,0.268,0.258,0.260,0.252,0.249,0.262,0.266,0.288,0.416,0.406,0.400,0.387,0.379,0.389,0.379,0.358,0.367,0.363,0.261,0.347,0.425,0.480,0.512,0.429,0.413,0.424,0.443,0.397,0.387,0.367,0.269,0.297,0.418,0.421,0.416,0.419,0.412,0.407,0.426,0.372,0.380,0.387,0.281,0.292,0.431,0.432,0.418,0.402,0.407,0.390,0.407,0.396,0.389,0.363,0.278,0.342,0.435,0.432,0.422,0.403,0.403,0.402,0.397,0.388,0.386,0.381,0.266,0.329,0.429,0.427,0.423,0.402,0.405,0.400,0.398,0.391,0.381,0.386,0.282,0.314,0.309,0.306,0.304,0.289,0.294,0.285,0.256,0.276,0.270,0.278,0.260
Raw Data  (600),3 h 15 min,0.287,0.285,0.286,0.309,0.277,0.270,0.261,0.257,0.254,0.250,0.259,0.268,0.290,0.420,0.408,0.407,0.391,0.390,0.385,0.385,0.371,0.372,0.364,0.267,0.348,0.424,0.481,0.518,0.436,0.414,0.428,0.449,0.393,0.383,0.373,0.273,0.302,0.419,0.429,0.419,0.418,0.414,0.414,0.428,0.371,0.388,0.381,0.278,0.293,0.436,0.435,0.423,0.419,0.410,0.406,0.416,0.396,0.384,0.366,0.281,0.339,0.435,0.437,0.427,0.405,0.408,0.404,0.396,0.389,0.385,0.376,0.269,0.329,0.432,0.435,0.426,0.411,0.412,0.396,0.400,0.397,0.391,0.385,0.281,0.315,0.311,0.305,0.302,0.290,0.295,0.288,0.281,0.280,0.281,0.285,0.267
Raw Data  (600),3 h 30 min,0.286,0.284,0.286,0.307,0.278,0.268,0.258,0.257,0.253,0.246,0.268,0.265,0.292,0.429,0.418,0.409,0.393,0.401,0.388,0.385,0.371,0.366,0.361,0.265,0.350,0.423,0.481,0.509,0.436,0.415,0.424,0.437,0.397,0.381,0.377,0.276,0.297,0.422,0.428,0.423,0.422,0.421,0.408,0.418,0.384,0.382,0.380,0.283,0.293,0.438,0.441,0.428,0.420,0.418,0.406,0.378,0.404,0.384,0.375,0.281,0.342,0.439,0.443,0.429,0.413,0.420,0.399,0.407,0.392,0.391,0.382,0.273,0.325,0.436,0.441,0.427,0.423,0.420,0.396,0.397,0.394,0.383,0.380,0.275,0.312,0.305,0.305,0.301,0.290,0.297,0.283,0.278,0.277,0.276,0.282,0.266
Raw Data  (600),3 h 45 min,0.286,0.285,0.286,0.304,0.277,0.271,0.255,0.261,0.253,0.249,0.259,0.264,0.290,0.422,0.421,0.417,0.402,0.404,0.392,0.380,0.366,0.355,0.363,0.268,0.347,0.429,0.483,0.507,0.427,0.419,0.431,0.443,0.385,0.377,0.370,0.271,0.299,0.426,0.428,0.423,0.422,0.425,0.401,0.416,0.381,0.383,0.381,0.287,0.294,0.445,0.448,0.426,0.418,0.438,0.403,0.421,0.401,0.392,0.370,0.280,0.339,0.444,0.445,0.432,0.416,0.429,0.397,0.402,0.389,0.388,0.385,0.269,0.326,0.441,0.453,0.432,0.418,0.434,0.393,0.397,0.392,0.378,0.375,0.279,0.314,0.309,0.308,0.301,0.286,0.299,0.289,0.279,0.275,0.266,0.281,0.261
Raw Data  (600),4 h ,0.290,0.288,0.289,0.310,0.283,0.274,0.261,0.262,0.255,0.250,0.261,0.268,0.292,0.435,0.426,0.420,0.412,0.427,0.380,0.384,0.382,0.360,0.366,0.273,0.345,0.423,0.483,0.532,0.438,0.427,0.432,0.448,0.396,0.395,0.368,0.281,0.298,0.432,0.449,0.429,0.426,0.438,0.412,0.418,0.371,0.385,0.387,0.279,0.293,0.447,0.446,0.437,0.421,0.436,0.401,0.419,0.402,0.387,0.371,0.284,0.338,0.448,0.454,0.444,0.418,0.438,0.403,0.407,0.389,0.390,0.382,0.273,0.330,0.439,0.445,0.443,0.428,0.447,0.392,0.390,0.388,0.379,0.371,0.283,0.314,0.307,0.302,0.297,0.290,0.296,0.287,0.282,0.282,0.273,0.280,0.266
Raw Data  (600),4 h 15 min,0.290,0.290,0.287,0.309,0.280,0.274,0.259,0.261,0.257,0.249,0.257,0.262,0.292,0.445,0.438,0.429,0.417,0.438,0.385,0.387,0.356,0.366,0.370,0.266,0.347,0.429,0.488,0.548,0.447,0.427,0.435,0.442,0.387,0.388,0.371,0.273,0.300,0.438,0.462,0.438,0.433,0.451,0.413,0.423,0.377,0.388,0.382,0.284,0.293,0.458,0.450,0.444,0.427,0.453,0.409,0.415,0.403,0.397,0.378,0.284,0.341,0.453,0.450,0.443,0.428,0.455,0.390,0.398,0.384,0.381,0.381,0.277,0.333,0.451,0.459,0.451,0.438,0.461,0.397,0.397,0.386,0.377,0.378,0.277,0.324,0.308,0.304,0.300,0.288,0.294,0.284,0.276,0.278,0.276,0.281,0.266
Raw Data  (600),4 h 30 min,0.287,0.286,0.288,0.305,0.280,0.271,0.256,0.258,0.253,0.244,0.257,0.261,0.292,0.457,0.447,0.441,0.431,0.479,0.394,0.389,0.362,0.361,0.365,0.275,0.349,0.436,0.491,0.544,0.438,0.424,0.434,0.439,0.380,0.374,0.384,0.272,0.300,0.447,0.472,0.448,0.441,0.467,0.409,0.422,0.375,0.380,0.380,0.288,0.308,0.474,0.462,0.464,0.444,0.464,0.408,0.418,0.400,0.389,0.365,0.282,0.352,0.476,0.482,0.465,0.443,0.483,0.390,0.393,0.388,0.381,0.379,0.273,0.348,0.490,0.486,0.469,0.462,0.504,0.394,0.397,0.387,0.379,0.376,0.280,0.338,0.333,0.345,0.322,0.303,0.299,0.287,0.285,0.282,0.265,0.286,0.262
Raw Data  (600),4 h 45 min,0.290,0.286,0.286,0.308,0.280,0.273,0.256,0.257,0.254,0.251,0.260,0.263,0.294,0.479,0.459,0.455,0.447,0.505,0.383,0.383,0.353,0.359,0.351,0.268,0.359,0.453,0.501,0.562,0.450,0.433,0.431,0.445,0.400,0.398,0.360,0.276,0.331,0.458,0.497,0.468,0.451,0.485,0.408,0.417,0.384,0.386,0.378,0.279,0.387,0.523,0.529,0.495,0.469,0.508,0.408,0.413,0.409,0.389,0.368,0.281,0.428,0.558,0.560,0.532,0.488,0.548,0.399,0.365,0.382,0.380,0.377,0.272,0.420,0.601,0.592,0.546,0.524,0.583,0.402,0.402,0.396,0.381,0.375,0.277,0.398,0.419,0.461,0.395,0.368,0.333,0.318,0.295,0.294,0.274,0.285,0.267
Raw Data  (600),5 h ,0.314,0.304,0.296,0.310,0.278,0.277,0.267,0.258,0.257,0.250,0.261,0.266,0.307,0.531,0.485,0.481,0.479,0.554,0.387,0.391,0.358,0.357,0.360,0.264,0.380,0.473,0.541,0.574,0.444,0.433,0.428,0.440,0.393,0.389,0.365,0.281,0.356,0.486,0.533,0.509,0.464,0.509,0.418,0.421,0.370,0.381,0.382,0.274,0.448,0.582,0.610,0.569,0.514,0.547,0.430,0.433,0.396,0.381,0.365,0.275,0.472,0.628,0.657,0.619,0.568,0.646,0.439,0.401,0.379,0.381,0.373,0.271,0.466,0.701,0.692,0.653,0.635,0.695,0.431,0.426,0.403,0.385,0.383,0.279,0.422,0.477,0.559,0.462,0.439,0.382,0.367,0.354,0.349,0.325,0.314,0.281
Raw Data  (600),5 h 15 min,0.313,0.296,0.293,0.311,0.283,0.273,0.262,0.260,0.259,0.254,0.261,0.269,0.297,0.552,0.510,0.503,0.497,0.598,0.386,0.376,0.355,0.355,0.361,0.270,0.362,0.458,0.530,0.564,0.451,0.432,0.441,0.445,0.396,0.393,0.373,0.277,0.370,0.493,0.526,0.507,0.460,0.529,0.412,0.425,0.381,0.388,0.377,0.284,0.472,0.613,0.640,0.586,0.511,0.577,0.409,0.420,0.394,0.388,0.363,0.283,0.476,0.693,0.710,0.670,0.607,0.682,0.435,0.384,0.390,0.383,0.383,0.278,0.490,0.766,0.746,0.697,0.696,0.767,0.431,0.433,0.402,0.382,0.377,0.281,0.447,0.488,0.578,0.484,0.467,0.401,0.384,0.369,0.360,0.320,0.284,0.266
Raw Data  (600),5 h 30 min,0.292,0.286,0.287,0.308,0.277,0.269,0.256,0.257,0.255,0.250,0.258,0.265,0.292,0.566,0.558,0.548,0.563,0.645,0.389,0.383,0.366,0.366,0.381,0.270,0.352,0.464,0.513,0.556,0.449,0.430,0.438,0.448,0.387,0.393,0.366,0.276,0.323,0.503,0.529,0.521,0.461,0.546,0.415,0.427,0.374,0.384,0.383,0.286,0.436,0.615,0.631,0.583,0.542,0.597,0.415,0.419,0.408,0.391,0.372,0.280,0.388,0.692,0.693,0.642,0.597,0.656,0.388,0.393,0.386,0.369,0.380,0.275,0.449,0.772,0.741,0.689,0.685,0.724,0.397,0.399,0.401,0.387,0.376,0.280,0.411,0.472,0.530,0.458,0.428,0.347,0.349,0.330,0.315,0.291,0.282,0.268
Raw Data  (600),5 h 45 min,0.289,0.284,0.286,0.306,0.275,0.268,0.255,0.257,0.255,0.247,0.258,0.262,0.291,0.595,0.592,0.584,0.594,0.685,0.394,0.384,0.360,0.366,0.365,0.266,0.350,0.468,0.518,0.578,0.442,0.427,0.431,0.447,0.391,0.397,0.375,0.285,0.310,0.526,0.556,0.544,0.458,0.548,0.402,0.411,0.372,0.375,0.377,0.284,0.425,0.636,0.636,0.604,0.564,0.614,0.412,0.421,0.396,0.384,0.367,0.280,0.377,0.715,0.707,0.653,0.604,0.651,0.385,0.386,0.380,0.377,0.372,0.272,0.449,0.817,0.779,0.715,0.710,0.741,0.396,0.397,0.396,0.383,0.381,0.275,0.415,0.481,0.533,0.449,0.415,0.330,0.336,0.310,0.303,0.284,0.286,0.265
Raw Data  (600),6 h ,0.292,0.288,0.288,0.308,0.283,0.275,0.261,0.261,0.259,0.252,0.260,0.265,0.292,0.626,0.622,0.613,0.620,0.710,0.389,0.387,0.361,0.364,0.370,0.267,0.350,0.471,0.523,0.570,0.438,0.423,0.434,0.451,0.390,0.382,0.363,0.281,0.306,0.553,0.579,0.575,0.450,0.551,0.408,0.420,0.377,0.383,0.379,0.278,0.378,0.640,0.631,0.625,0.592,0.620,0.406,0.421,0.402,0.383,0.376,0.285,0.345,0.700,0.700,0.655,0.616,0.669,0.390,0.393,0.385,0.385,0.372,0.276,0.420,0.825,0.784,0.713,0.715,0.739,0.396,0.395,0.395,0.380,0.373,0.285,0.409,0.457,0.495,0.417,0.379,0.307,0.307,0.297,0.286,0.280,0.284,0.273
Raw Data  (600),6 h 15 min,0.288,0.287,0.286,0.306,0.279,0.273,0.259,0.260,0.255,0.249,0.259,0.264,0.291,0.662,0.652,0.645,0.653,0.743,0.391,0.374,0.371,0.358,0.366,0.276,0.352,0.483,0.527,0.584,0.440,0.425,0.428,0.456,0.386,0.372,0.378,0.278,0.303,0.578,0.612,0.596,0.444,0.548,0.406,0.418,0.380,0.380,0.375,0.278,0.350,0.654,0.641,0.640,0.610,0.623,0.394,0.406,0.397,0.381,0.357,0.280,0.343,0.710,0.727,0.677,0.649,0.698,0.392,0.389,0.387,0.379,0.382,0.269,0.402,0.844,0.809,0.735,0.725,0.748,0.398,0.400,0.392,0.376,0.370,0.282,0.390,0.451,0.470,0.391,0.361,0.296,0.308,0.281,0.287,0.274,0.283,0.266
Raw Data  (600),6 h 30 min,0.287,0.285,0.286,0.305,0.278,0.284,0.256,0.258,0.254,0.252,0.258,0.266,0.291,0.682,0.676,0.669,0.678,0.771,0.392,0.387,0.351,0.359,0.351,0.265,0.345,0.497,0.530,0.581,0.445,0.410,0.426,0.444,0.377,0.369,0.361,0.277,0.301,0.599,0.632,0.619,0.433,0.539,0.413,0.415,0.370,0.379,0.374,0.281,0.337,0.680,0.668,0.663,0.630,0.627,0.399,0.400,0.405,0.395,0.374,0.281,0.342,0.741,0.762,0.703,0.669,0.722,0.393,0.401,0.387,0.389,0.374,0.272,0.391,0.885,0.855,0.777,0.744,0.777,0.401,0.401,0.394,0.377,0.375,0.279,0.385,0.444,0.474,0.394,0.333,0.291,0.294,0.278,0.278,0.281,0.282,0.264
Raw Data  (600),6 h 45 min,0.286,0.287,0.288,0.307,0.278,0.269,0.260,0.258,0.254,0.252,0.261,0.267,0.293,0.703,0.693,0.694,0.694,0.796,0.393,0.388,0.360,0.356,0.368,0.268,0.352,0.502,0.544,0.603,0.426,0.417,0.424,0.444,0.378,0.383,0.373,0.278,0.302,0.618,0.649,0.635,0.431,0.524,0.409,0.419,0.383,0.384,0.381,0.276,0.326,0.698,0.687,0.682,0.642,0.631,0.408,0.412,0.391,0.386,0.372,0.280,0.339,0.750,0.764,0.712,0.676,0.732,0.389,0.391,0.368,0.371,0.361,0.272,0.372,0.898,0.879,0.791,0.762,0.805,0.399,0.398,0.402,0.385,0.386,0.279,0.366,0.433,0.452,0.381,0.331,0.296,0.293,0.274,0.279,0.281,0.282,0.272
Raw Data  (600),7 h ,0.285,0.286,0.287,0.306,0.279,0.271,0.260,0.261,0.255,0.251,0.265,0.269,0.289,0.730,0.725,0.720,0.724,0.827,0.388,0.384,0.371,0.360,0.366,0.268,0.353,0.519,0.548,0.643,0.431,0.416,0.426,0.444,0.389,0.385,0.370,0.279,0.305,0.635,0.663,0.647,0.430,0.510,0.410,0.423,0.380,0.386,0.379,0.279,0.312,0.702,0.689,0.694,0.639,0.619,0.404,0.415,0.406,0.397,0.368,0.283,0.341,0.753,0.767,0.722,0.694,0.754,0.395,0.396,0.376,0.378,0.379,0.273,0.351,0.898,0.880,0.799,0.783,0.839,0.398,0.401,0.395,0.381,0.375,0.280,0.351,0.414,0.432,0.367,0.333,0.297,0.289,0.283,0.285,0.274,0.286,0.272
Raw Data  (600),7 h 15 min,0.286,0.285,0.286,0.308,0.278,0.270,0.259,0.260,0.255,0.257,0.259,0.268,0.288,0.746,0.746,0.740,0.738,0.852,0.384,0.375,0.358,0.356,0.359,0.269,0.350,0.541,0.555,0.659,0.429,0.417,0.429,0.441,0.390,0.382,0.372,0.277,0.308,0.648,0.674,0.660,0.425,0.496,0.413,0.414,0.378,0.380,0.378,0.279,0.320,0.732,0.715,0.711,0.636,0.610,0.393,0.398,0.406,0.382,0.366,0.281,0.347,0.781,0.778,0.745,0.710,0.780,0.401,0.389,0.388,0.388,0.381,0.275,0.355,0.909,0.901,0.808,0.785,0.861,0.398,0.400,0.391,0.381,0.376,0.279,0.356,0.406,0.426,0.370,0.329,0.298,0.291,0.283,0.280,0.277,0.288,0.271
Raw Data  (600),7 h 30 min,0.285,0.287,0.288,0.309,0.280,0.272,0.261,0.260,0.257,0.253,0.262,0.269,0.293,0.767,0.762,0.762,0.765,0.881,0.387,0.387,0.355,0.358,0.361,0.267,0.347,0.558,0.558,0.664,0.426,0.422,0.425,0.447,0.380,0.385,0.374,0.280,0.297,0.659,0.693,0.673,0.430,0.486,0.415,0.420,0.379,0.380,0.376,0.275,0.300,0.736,0.720,0.728,0.627,0.590,0.410,0.396,0.401,0.388,0.377,0.277,0.339,0.765,0.777,0.751,0.720,0.785,0.402,0.400,0.381,0.378,0.373,0.269,0.337,0.879,0.899,0.807,0.794,0.897,0.401,0.403,0.396,0.389,0.381,0.281,0.337,0.381,0.390,0.339,0.311,0.294,0.290,0.279,0.284,0.280,0.287,0.266
Raw Data  (600),7 h 45 min,0.285,0.284,0.285,0.305,0.275,0.271,0.258,0.260,0.255,0.253,0.259,0.271,0.293,0.785,0.784,0.781,0.776,0.897,0.388,0.379,0.355,0.355,0.363,0.266,0.353,0.576,0.558,0.668,0.429,0.412,0.434,0.446,0.381,0.379,0.370,0.275,0.303,0.671,0.701,0.683,0.425,0.484,0.412,0.422,0.377,0.379,0.382,0.275,0.311,0.754,0.743,0.741,0.624,0.577,0.405,0.404,0.409,0.384,0.361,0.279,0.349,0.798,0.800,0.772,0.736,0.804,0.393,0.398,0.391,0.378,0.375,0.276,0.359,0.918,0.941,0.833,0.820,0.923,0.401,0.402,0.399,0.384,0.376,0.281,0.350,0.399,0.422,0.354,0.327,0.300,0.287,0.281,0.281,0.275,0.284,0.269
Raw Data  (600),8 h ,0.286,0.285,0.286,0.306,0.276,0.274,0.258,0.262,0.255,0.249,0.261,0.266,0.291,0.805,0.802,0.800,0.794,0.915,0.392,0.373,0.359,0.366,0.355,0.274,0.353,0.582,0.560,0.692,0.426,0.408,0.421,0.435,0.386,0.387,0.362,0.279,0.298,0.681,0.707,0.689,0.420,0.478,0.406,0.415,0.379,0.380,0.370,0.282,0.315,0.783,0.762,0.763,0.622,0.550,0.417,0.414,0.397,0.396,0.363,0.278,0.349,0.834,0.834,0.810,0.750,0.815,0.400,0.402,0.383,0.381,0.378,0.273,0.367,0.959,0.985,0.881,0.863,0.950,0.398,0.398,0.399,0.381,0.372,0.284,0.368,0.424,0.440,0.383,0.353,0.306,0.293,0.285,0.283,0.272,0.282,0.273
Raw Data  (600),8 h 15 min,0.284,0.286,0.285,0.304,0.276,0.270,0.257,0.259,0.254,0.249,0.262,0.267,0.292,0.818,0.818,0.812,0.809,0.931,0.381,0.378,0.358,0.362,0.362,0.263,0.353,0.592,0.558,0.690,0.422,0.414,0.430,0.437,0.393,0.400,0.362,0.270,0.302,0.689,0.717,0.696,0.424,0.469,0.406,0.418,0.377,0.378,0.380,0.284,0.305,0.785,0.773,0.776,0.620,0.543,0.402,0.424,0.407,0.392,0.366,0.277,0.342,0.843,0.853,0.819,0.748,0.828,0.393,0.396,0.383,0.379,0.375,0.269,0.348,0.969,0.986,0.884,0.854,0.952,0.398,0.396,0.394,0.383,0.371,0.282,0.347,0.403,0.426,0.362,0.327,0.300,0.292,0.275,0.283,0.279,0.282,0.268
Raw Data  (600),8 h 30 min,0.284,0.285,0.285,0.307,0.276,0.276,0.260,0.265,0.255,0.254,0.265,0.271,0.292,0.833,0.832,0.827,0.825,0.940,0.382,0.376,0.357,0.362,0.364,0.267,0.351,0.604,0.558,0.706,0.427,0.408,0.426,0.441,0.399,0.375,0.363,0.268,0.301,0.694,0.723,0.710,0.427,0.470,0.416,0.422,0.379,0.380,0.380,0.277,0.296,0.785,0.766,0.781,0.612,0.528,0.406,0.415,0.413,0.395,0.360,0.283,0.340,0.826,0.837,0.814,0.747,0.837,0.389,0.403,0.382,0.373,0.365,0.275,0.335,0.947,0.989,0.874,0.852,0.968,0.400,0.405,0.377,0.379,0.374,0.282,0.332,0.384,0.399,0.340,0.316,0.300,0.290,0.276,0.280,0.281,0.282,0.271
Raw Data  (600),8 h 45 min,0.288,0.287,0.289,0.309,0.280,0.277,0.262,0.261,0.260,0.255,0.264,0.275,0.294,0.839,0.840,0.840,0.833,0.947,0.389,0.381,0.365,0.367,0.366,0.266,0.352,0.619,0.554,0.726,0.426,0.414,0.436,0.443,0.399,0.391,0.380,0.278,0.305,0.701,0.741,0.720,0.425,0.472,0.414,0.421,0.377,0.385,0.384,0.278,0.311,0.808,0.793,0.806,0.605,0.519,0.399,0.405,0.405,0.387,0.369,0.285,0.350,0.880,0.899,0.892,0.794,0.864,0.383,0.390,0.391,0.378,0.381,0.271,0.359,1.004,1.048,0.964,0.927,1.005,0.399,0.399,0.392,0.382,0.374,0.280,0.357,0.401,0.421,0.361,0.332,0.299,0.288,0.281,0.285,0.272,0.282,0.269
Raw Data  (600),9 h ,0.288,0.284,0.285,0.307,0.276,0.281,0.266,0.262,0.260,0.256,0.262,0.273,0.293,0.854,0.854,0.855,0.848,0.958,0.389,0.381,0.361,0.363,0.368,0.267,0.354,0.632,0.552,0.739,0.435,0.413,0.439,0.445,0.402,0.384,0.382,0.286,0.302,0.705,0.740,0.726,0.424,0.460,0.419,0.421,0.375,0.380,0.386,0.302,0.294,0.796,0.781,0.799,0.588,0.506,0.399,0.415,0.396,0.394,0.389,0.310,0.341,0.853,0.865,0.854,0.751,0.857,0.394,0.392,0.386,0.372,0.382,0.296,0.341,0.974,1.014,0.910,0.875,1.001,0.401,0.402,0.400,0.381,0.372,0.282,0.340,0.360,0.382,0.332,0.308,0.298,0.289,0.277,0.282,0.259,0.285,0.271
Raw Data  (600),9 h 15 min,0.285,0.283,0.285,0.305,0.275,0.273,0.258,0.261,0.256,0.252,0.260,0.281,0.295,0.866,0.868,0.867,0.861,0.965,0.397,0.387,0.364,0.361,0.365,0.274,0.353,0.635,0.547,0.749,0.428,0.414,0.432,0.444,0.388,0.396,0.370,0.283,0.300,0.710,0.746,0.726,0.420,0.459,0.412,0.428,0.372,0.384,0.381,0.280,0.297,0.812,0.799,0.812,0.576,0.501,0.413,0.409,0.396,0.385,0.358,0.277,0.341,0.870,0.881,0.869,0.753,0.874,0.410,0.412,0.387,0.391,0.383,0.278,0.333,0.974,1.016,0.906,0.878,1.013,0.403,0.403,0.397,0.385,0.386,0.281,0.326,0.366,0.378,0.332,0.307,0.296,0.290,0.277,0.283,0.261,0.284,0.268
Raw Data  (600),9 h 30 min,0.284,0.285,0.286,0.304,0.277,0.270,0.258,0.260,0.255,0.250,0.260,0.270,0.293,0.873,0.877,0.875,0.870,0.973,0.394,0.386,0.361,0.365,0.364,0.271,0.356,0.637,0.543,0.758,0.430,0.414,0.434,0.441,0.392,0.378,0.390,0.280,0.300,0.712,0.757,0.736,0.422,0.463,0.409,0.419,0.372,0.377,0.377,0.284,0.294,0.830,0.813,0.830,0.569,0.505,0.420,0.424,0.404,0.380,0.385,0.275,0.342,0.899,0.922,0.894,0.755,0.888,0.394,0.407,0.384,0.383,0.379,0.276,0.337,1.017,1.056,0.952,0.900,1.029,0.398,0.398,0.387,0.374,0.376,0.282,0.336,0.379,0.400,0.344,0.312,0.297,0.285,0.279,0.286,0.274,0.283,0.270
Raw Data  (600),9 h 45 min,0.285,0.288,0.289,0.309,0.281,0.274,0.267,0.263,0.259,0.253,0.263,0.272,0.295,0.878,0.879,0.881,0.878,0.975,0.392,0.385,0.361,0.359,0.364,0.271,0.349,0.647,0.540,0.764,0.440,0.415,0.439,0.447,0.392,0.401,0.375,0.289,0.299,0.718,0.762,0.739,0.420,0.459,0.415,0.418,0.381,0.380,0.393,0.302,0.297,0.822,0.806,0.825,0.553,0.489,0.403,0.416,0.403,0.388,0.377,0.300,0.342,0.878,0.901,0.885,0.743,0.879,0.401,0.401,0.382,0.379,0.374,0.278,0.343,0.993,1.050,0.928,0.888,1.035,0.399,0.397,0.389,0.379,0.368,0.284,0.339,0.357,0.366,0.325,0.302,0.296,0.285,0.275,0.283,0.283,0.283,0.265
Raw Data  (600),10 h ,0.284,0.285,0.287,0.305,0.276,0.273,0.258,0.265,0.260,0.253,0.263,0.275,0.295,0.891,0.897,0.892,0.888,0.980,0.386,0.378,0.362,0.365,0.360,0.270,0.352,0.655,0.537,0.766,0.430,0.416,0.435,0.445,0.394,0.381,0.369,0.282,0.299,0.719,0.769,0.746,0.419,0.458,0.413,0.417,0.374,0.381,0.373,0.281,0.298,0.827,0.815,0.829,0.540,0.488,0.406,0.403,0.400,0.390,0.366,0.282,0.344,0.893,0.898,0.881,0.742,0.888,0.402,0.400,0.387,0.383,0.382,0.277,0.357,1.013,1.072,0.930,0.900,1.045,0.399,0.399,0.396,0.382,0.378,0.285,0.357,0.383,0.377,0.341,0.310,0.300,0.291,0.283,0.285,0.281,0.283,0.269
Raw Data  (600),10 h 15 min,0.284,0.284,0.285,0.303,0.278,0.270,0.258,0.258,0.254,0.251,0.259,0.268,0.291,0.893,0.899,0.898,0.896,0.984,0.388,0.385,0.369,0.362,0.355,0.270,0.352,0.658,0.531,0.776,0.426,0.414,0.430,0.444,0.392,0.382,0.369,0.285,0.301,0.722,0.772,0.748,0.419,0.456,0.406,0.412,0.375,0.373,0.374,0.284,0.295,0.834,0.819,0.835,0.535,0.484,0.405,0.425,0.402,0.388,0.379,0.280,0.341,0.897,0.902,0.892,0.743,0.893,0.399,0.399,0.384,0.381,0.377,0.274,0.349,1.006,1.095,0.940,0.921,1.053,0.398,0.398,0.390,0.376,0.370,0.279,0.347,0.372,0.377,0.347,0.314,0.293,0.285,0.277,0.277,0.271,0.283,0.268
Raw Data  (600),10 h 30 min,0.285,0.286,0.285,0.305,0.279,0.270,0.258,0.262,0.255,0.252,0.259,0.272,0.294,0.897,0.902,0.902,0.904,0.989,0.385,0.373,0.361,0.356,0.362,0.265,0.353,0.665,0.526,0.778,0.429,0.414,0.434,0.450,0.386,0.388,0.372,0.275,0.301,0.727,0.774,0.753,0.419,0.457,0.416,0.419,0.384,0.381,0.380,0.282,0.293,0.830,0.821,0.849,0.534,0.482,0.404,0.397,0.403,0.387,0.358,0.280,0.341,0.900,0.917,0.916,0.758,0.907,0.403,0.391,0.371,0.375,0.378,0.275,0.335,1.015,1.116,0.978,0.948,1.071,0.404,0.406,0.398,0.384,0.372,0.281,0.339,0.364,0.378,0.350,0.310,0.298,0.289,0.283,0.285,0.270,0.282,0.272
Raw Data  (600),10 h 45 min,0.288,0.284,0.286,0.310,0.277,0.272,0.263,0.262,0.260,0.257,0.260,0.275,0.296,0.908,0.907,0.910,0.906,0.992,0.389,0.389,0.376,0.369,0.363,0.267,0.352,0.671,0.524,0.791,0.432,0.411,0.437,0.445,0.396,0.389,0.369,0.272,0.300,0.724,0.777,0.756,0.416,0.453,0.412,0.414,0.372,0.385,0.372,0.279,0.295,0.837,0.827,0.849,0.520,0.472,0.403,0.405,0.409,0.375,0.368,0.281,0.340,0.904,0.917,0.916,0.746,0.910,0.413,0.403,0.380,0.384,0.380,0.269,0.337,1.019,1.119,0.973,0.944,1.092,0.410,0.408,0.397,0.383,0.386,0.280,0.339,0.374,0.381,0.344,0.312,0.305,0.298,0.288,0.290,0.277,0.281,0.264
Raw Data  (600),11 h ,0.284,0.285,0.284,0.307,0.280,0.275,0.272,0.267,0.258,0.253,0.261,0.273,0.293,0.906,0.912,0.913,0.913,0.993,0.391,0.388,0.361,0.363,0.368,0.264,0.350,0.671,0.519,0.788,0.428,0.413,0.432,0.445,0.398,0.386,0.377,0.281,0.299,0.729,0.788,0.761,0.421,0.456,0.412,0.419,0.384,0.381,0.378,0.283,0.297,0.847,0.836,0.852,0.513,0.468,0.405,0.415,0.393,0.386,0.373,0.280,0.344,0.937,0.949,0.939,0.754,0.910,0.396,0.389,0.385,0.378,0.381,0.272,0.361,1.060,1.161,0.998,0.964,1.099,0.408,0.411,0.398,0.381,0.373,0.280,0.359,0.397,0.405,0.354,0.316,0.300,0.288,0.284,0.282,0.279,0.283,0.272
Raw Data  (600),11 h 15 min,0.285,0.285,0.286,0.305,0.279,0.272,0.260,0.260,0.259,0.253,0.263,0.274,0.294,0.913,0.912,0.913,0.914,0.995,0.388,0.379,0.361,0.370,0.357,0.274,0.351,0.676,0.514,0.792,0.429,0.410,0.425,0.439,0.396,0.406,0.368,0.275,0.304,0.739,0.793,0.773,0.426,0.455,0.416,0.419,0.383,0.380,0.383,0.281,0.311,0.864,0.869,0.891,0.526,0.468,0.405,0.413,0.404,0.389,0.364,0.276,0.342,0.948,0.978,0.979,0.770,0.907,0.391,0.392,0.381,0.362,0.379,0.275,0.344,1.066,1.169,1.015,0.973,1.130,0.411,0.410,0.397,0.382,0.372,0.276,0.350,0.386,0.382,0.343,0.305,0.297,0.285,0.278,0.281,0.275,0.282,0.276
Raw Data  (600),11 h 30 min,0.285,0.286,0.287,0.305,0.278,0.272,0.260,0.262,0.258,0.250,0.264,0.273,0.295,0.913,0.915,0.914,0.917,0.999,0.392,0.376,0.361,0.361,0.354,0.268,0.348,0.676,0.512,0.802,0.426,0.414,0.434,0.448,0.388,0.391,0.372,0.280,0.301,0.730,0.787,0.762,0.418,0.453,0.407,0.417,0.373,0.376,0.373,0.284,0.296,0.847,0.832,0.857,0.500,0.470,0.407,0.412,0.405,0.394,0.389,0.312,0.338,0.905,0.913,0.914,0.733,0.903,0.393,0.390,0.385,0.377,0.403,0.308,0.334,0.997,1.144,0.944,0.924,1.139,0.405,0.405,0.399,0.383,0.375,0.303,0.330,0.359,0.358,0.326,0.301,0.297,0.282,0.281,0.283,0.276,0.283,0.279
Raw Data  (600),11 h 45 min,0.286,0.283,0.287,0.306,0.279,0.271,0.260,0.261,0.258,0.254,0.266,0.274,0.293,0.918,0.918,0.918,0.922,1.001,0.391,0.382,0.364,0.365,0.361,0.267,0.352,0.679,0.514,0.798,0.432,0.420,0.429,0.449,0.387,0.400,0.373,0.274,0.303,0.734,0.791,0.768,0.417,0.451,0.409,0.422,0.371,0.375,0.373,0.278,0.303,0.876,0.874,0.884,0.511,0.464,0.401,0.408,0.399,0.377,0.359,0.282,0.339,0.943,0.955,0.939,0.751,0.925,0.387,0.389,0.375,0.378,0.383,0.274,0.359,1.039,1.185,0.979,0.958,1.164,0.406,0.406,0.400,0.389,0.385,0.281,0.354,0.386,0.386,0.355,0.319,0.315,0.307,0.292,0.274,0.278,0.285,0.270
Raw Data  (600),12 h ,0.285,0.288,0.287,0.304,0.277,0.271,0.259,0.262,0.255,0.256,0.263,0.275,0.293,0.920,0.920,0.920,0.922,1.002,0.395,0.390,0.360,0.369,0.368,0.273,0.354,0.682,0.509,0.788,0.432,0.424,0.436,0.451,0.390,0.393,0.368,0.284,0.301,0.732,0.792,0.767,0.417,0.451,0.406,0.413,0.371,0.372,0.373,0.270,0.300,0.870,0.864,0.876,0.501,0.466,0.411,0.422,0.410,0.396,0.368,0.278,0.340,0.942,0.959,0.939,0.740,0.904,0.386,0.397,0.379,0.371,0.380,0.280,0.351,1.041,1.183,0.968,0.941,1.167,0.405,0.407,0.398,0.387,0.378,0.279,0.344,0.375,0.369,0.338,0.313,0.303,0.289,0.285,0.282,0.278,0.285,0.267
Raw Data  (600),12 h 15 min,0.284,0.285,0.285,0.308,0.280,0.272,0.259,0.262,0.258,0.249,0.266,0.274,0.293,0.922,0.918,0.918,0.924,1.002,0.384,0.374,0.356,0.366,0.352,0.270,0.350,0.681,0.508,0.798,0.430,0.422,0.433,0.444,0.408,0.396,0.377,0.282,0.300,0.735,0.789,0.769,0.418,0.450,0.411,0.422,0.375,0.376,0.378,0.290,0.296,0.850,0.838,0.862,0.485,0.465,0.399,0.398,0.410,0.395,0.401,0.305,0.341,0.913,0.923,0.917,0.732,0.901,0.397,0.401,0.388,0.395,0.402,0.287,0.340,1.012,1.188,0.948,0.928,1.177,0.404,0.408,0.388,0.385,0.380,0.284,0.332,0.336,0.350,0.320,0.297,0.293,0.282,0.278,0.278,0.278,0.285,0.273
Raw Data  (600),12 h 30 min,0.285,0.284,0.284,0.307,0.277,0.272,0.265,0.263,0.259,0.257,0.268,0.278,0.294,0.918,0.919,0.920,0.924,1.005,0.392,0.389,0.374,0.356,0.369,0.276,0.353,0.687,0.505,0.813,0.435,0.422,0.433,0.444,0.395,0.384,0.382,0.286,0.301,0.733,0.772,0.769,0.421,0.450,0.412,0.422,0.374,0.377,0.379,0.284,0.298,0.863,0.848,0.873,0.493,0.459,0.412,0.415,0.408,0.382,0.370,0.278,0.341,0.946,0.952,0.945,0.747,0.905,0.403,0.370,0.389,0.383,0.385,0.273,0.366,1.067,1.236,1.012,0.966,1.192,0.409,0.413,0.401,0.374,0.377,0.277,0.373,0.403,0.399,0.372,0.344,0.315,0.288,0.280,0.278,0.276,0.281,0.269
Raw Data  (600),12 h 45 min,0.285,0.288,0.288,0.306,0.278,0.270,0.255,0.258,0.257,0.253,0.262,0.272,0.294,0.918,0.919,0.919,0.925,1.008,0.390,0.377,0.366,0.400,0.364,0.267,0.352,0.686,0.504,0.778,0.430,0.418,0.428,0.447,0.391,0.389,0.371,0.274,0.315,0.751,0.789,0.769,0.421,0.450,0.411,0.420,0.378,0.380,0.379,0.283,0.312,0.883,0.868,0.873,0.486,0.458,0.412,0.421,0.407,0.393,0.360,0.281,0.336,0.947,0.951,0.936,0.737,0.904,0.391,0.395,0.374,0.372,0.377,0.277,0.345,1.069,1.244,1.012,0.971,1.202,0.402,0.406,0.399,0.381,0.376,0.281,0.364,0.400,0.390,0.355,0.321,0.300,0.288,0.285,0.280,0.274,0.285,0.272
Raw Data  (600),13 h ,0.285,0.284,0.288,0.307,0.280,0.273,0.259,0.263,0.257,0.251,0.263,0.275,0.294,0.923,0.918,0.923,0.922,1.007,0.387,0.376,0.363,0.363,0.360,0.259,0.354,0.688,0.501,0.793,0.431,0.421,0.434,0.448,0.384,0.394,0.370,0.277,0.306,0.741,0.795,0.772,0.419,0.449,0.416,0.426,0.373,0.383,0.380,0.273,0.311,0.883,0.878,0.892,0.487,0.455,0.401,0.404,0.403,0.382,0.359,0.283,0.342,0.980,0.996,0.985,0.768,0.926,0.403,0.402,0.380,0.382,0.380,0.275,0.373,1.109,1.299,1.057,1.026,1.230,0.413,0.407,0.401,0.387,0.378,0.283,0.388,0.428,0.425,0.386,0.352,0.319,0.308,0.288,0.284,0.280,0.284,0.268
Raw Data  (600),13 h 15 min,0.285,0.288,0.288,0.307,0.277,0.276,0.265,0.263,0.261,0.253,0.265,0.277,0.293,0.922,0.917,0.923,0.924,1.010,0.383,0.384,0.359,0.360,0.366,0.268,0.350,0.686,0.500,0.791,0.432,0.417,0.433,0.446,0.389,0.392,0.372,0.271,0.304,0.736,0.786,0.770,0.419,0.446,0.413,0.420,0.379,0.380,0.377,0.276,0.301,0.872,0.855,0.871,0.483,0.452,0.400,0.408,0.398,0.377,0.373,0.279,0.340,0.974,0.997,0.974,0.760,0.925,0.408,0.408,0.393,0.383,0.380,0.273,0.355,1.111,1.303,1.062,1.027,1.246,0.419,0.408,0.393,0.379,0.371,0.283,0.365,0.403,0.395,0.355,0.322,0.304,0.293,0.287,0.281,0.275,0.281,0.272
Raw Data  (600),13 h 30 min,0.287,0.287,0.290,0.306,0.282,0.274,0.264,0.261,0.257,0.258,0.264,0.275,0.296,0.920,0.917,0.920,0.924,1.010,0.390,0.386,0.355,0.361,0.366,0.272,0.349,0.690,0.497,0.821,0.435,0.419,0.439,0.451,0.401,0.406,0.365,0.281,0.303,0.740,0.780,0.771,0.417,0.449,0.410,0.420,0.378,0.383,0.381,0.280,0.298,0.858,0.846,0.871,0.477,0.453,0.404,0.408,0.406,0.380,0.368,0.281,0.344,0.967,0.992,0.971,0.751,0.912,0.404,0.401,0.386,0.387,0.385,0.279,0.364,1.133,1.327,1.074,1.013,1.258,0.403,0.402,0.395,0.385,0.376,0.284,0.392,0.409,0.401,0.359,0.325,0.301,0.298,0.291,0.282,0.281,0.287,0.273
Raw Data  (600),13 h 45 min,0.284,0.286,0.285,0.304,0.280,0.270,0.258,0.259,0.259,0.256,0.265,0.273,0.295,0.918,0.915,0.925,0.924,1.014,0.388,0.384,0.357,0.366,0.368,0.265,0.351,0.688,0.493,0.805,0.429,0.416,0.434,0.450,0.390,0.393,0.369,0.282,0.301,0.740,0.783,0.769,0.417,0.445,0.409,0.421,0.360,0.379,0.375,0.262,0.298,0.868,0.864,0.896,0.497,0.449,0.417,0.436,0.399,0.382,0.363,0.280,0.338,0.977,1.019,1.029,0.800,0.951,0.436,0.423,0.393,0.386,0.385,0.277,0.337,1.118,1.316,1.095,1.033,1.272,0.431,0.422,0.403,0.388,0.372,0.281,0.343,0.374,0.370,0.329,0.307,0.301,0.290,0.287,0.281,0.272,0.285,0.263
Raw Data  (600),14 h ,0.285,0.284,0.286,0.305,0.278,0.273,0.263,0.260,0.263,0.257,0.264,0.277,0.295,0.916,0.911,0.918,0.926,1.012,0.386,0.380,0.368,0.366,0.361,0.269,0.352,0.687,0.492,0.799,0.425,0.414,0.431,0.438,0.400,0.398,0.370,0.282,0.308,0.746,0.801,0.784,0.420,0.443,0.409,0.418,0.377,0.379,0.377,0.270,0.298,0.869,0.872,0.897,0.485,0.448,0.412,0.412,0.400,0.388,0.364,0.281,0.340,0.968,1.012,1.005,0.770,0.922,0.405,0.400,0.378,0.382,0.383,0.275,0.336,1.116,1.324,1.075,1.019,1.288,0.406,0.405,0.393,0.374,0.377,0.281,0.350,0.382,0.372,0.332,0.304,0.295,0.293,0.278,0.275,0.276,0.285,0.266
Raw Data  (600),14 h 15 min,0.287,0.289,0.289,0.308,0.282,0.274,0.264,0.267,0.263,0.256,0.267,0.278,0.294,0.919,0.914,0.919,0.922,1.011,0.380,0.378,0.356,0.365,0.357,0.265,0.353,0.696,0.491,0.810,0.427,0.416,0.437,0.448,0.396,0.402,0.379,0.283,0.304,0.739,0.797,0.772,0.417,0.445,0.415,0.421,0.374,0.387,0.383,0.284,0.296,0.871,0.861,0.881,0.474,0.443,0.400,0.426,0.403,0.387,0.364,0.301,0.343,1.010,1.048,1.023,0.757,0.909,0.397,0.393,0.381,0.384,0.387,0.293,0.401,1.186,1.413,1.149,1.027,1.299,0.406,0.401,0.399,0.377,0.373,0.283,0.421,0.443,0.447,0.386,0.318,0.306,0.302,0.298,0.305,0.286,0.284,0.272
Raw Data  (600),14 h 30 min,0.285,0.287,0.287,0.306,0.278,0.274,0.259,0.263,0.257,0.252,0.261,0.274,0.293,0.921,0.921,0.921,0.922,1.013,0.392,0.386,0.370,0.381,0.371,0.264,0.352,0.698,0.492,0.806,0.425,0.423,0.432,0.443,0.384,0.391,0.371,0.284,0.302,0.738,0.783,0.770,0.418,0.441,0.409,0.411,0.371,0.382,0.374,0.274,0.296,0.863,0.860,0.886,0.474,0.447,0.402,0.423,0.408,0.379,0.363,0.280,0.341,1.008,1.051,1.038,0.764,0.919,0.406,0.418,0.385,0.379,0.382,0.275,0.362,1.176,1.402,1.143,1.010,1.312,0.405,0.412,0.401,0.384,0.379,0.284,0.382,0.417,0.415,0.347,0.298,0.303,0.288,0.279,0.279,0.278,0.282,0.268
Raw Data  (600),14 h 45 min,0.284,0.286,0.284,0.302,0.278,0.275,0.258,0.262,0.259,0.251,0.263,0.277,0.295,0.923,0.918,0.922,0.927,1.014,0.388,0.377,0.355,0.361,0.368,0.273,0.352,0.701,0.492,0.809,0.435,0.422,0.433,0.449,0.397,0.384,0.374,0.282,0.300,0.739,0.783,0.776,0.418,0.442,0.413,0.418,0.379,0.378,0.378,0.289,0.297,0.860,0.850,0.878,0.471,0.449,0.415,0.422,0.409,0.400,0.397,0.308,0.342,0.972,1.011,1.005,0.758,0.919,0.395,0.404,0.385,0.382,0.402,0.290,0.343,1.142,1.374,1.132,1.046,1.342,0.404,0.407,0.399,0.383,0.370,0.285,0.358,0.396,0.389,0.343,0.313,0.300,0.289,0.274,0.282,0.274,0.282,0.273
Raw Data  (600),15 h ,0.286,0.287,0.288,0.308,0.282,0.276,0.265,0.268,0.266,0.259,0.269,0.286,0.295,0.924,0.922,0.921,0.926,1.014,0.382,0.392,0.362,0.363,0.374,0.263,0.350,0.706,0.491,0.810,0.428,0.426,0.429,0.451,0.396,0.395,0.371,0.277,0.298,0.740,0.791,0.776,0.420,0.443,0.410,0.420,0.378,0.383,0.380,0.283,0.301,0.877,0.869,0.901,0.491,0.444,0.414,0.426,0.404,0.393,0.367,0.284,0.343,0.993,1.044,1.042,0.787,0.930,0.399,0.399,0.387,0.374,0.380,0.273,0.348,1.165,1.400,1.163,1.042,1.358,0.408,0.407,0.394,0.381,0.376,0.279,0.358,0.388,0.378,0.331,0.300,0.299,0.298,0.283,0.284,0.282,0.289,0.271
Raw Data  (600),15 h 15 min,0.285,0.287,0.287,0.305,0.278,0.272,0.262,0.260,0.260,0.254,0.263,0.275,0.295,0.923,0.920,0.927,0.928,1.014,0.390,0.389,0.369,0.375,0.369,0.267,0.350,0.704,0.489,0.799,0.434,0.425,0.429,0.449,0.392,0.394,0.383,0.274,0.303,0.741,0.812,0.772,0.418,0.441,0.408,0.410,0.383,0.381,0.377,0.281,0.296,0.865,0.852,0.878,0.475,0.448,0.416,0.420,0.406,0.419,0.410,0.283,0.342,0.971,1.009,1.005,0.750,0.912,0.399,0.396,0.379,0.380,0.386,0.279,0.339,1.149,1.399,1.149,1.017,1.367,0.405,0.410,0.392,0.379,0.374,0.287,0.349,0.390,0.379,0.350,0.329,0.305,0.295,0.290,0.282,0.275,0.287,0.270
Raw Data  (600),15 h 30 min,0.286,0.287,0.287,0.303,0.279,0.277,0.260,0.259,0.258,0.252,0.263,0.276,0.294,0.923,0.917,0.924,0.928,1.013,0.382,0.374,0.362,0.360,0.357,0.269,0.353,0.697,0.487,0.795,0.428,0.430,0.429,0.450,0.384,0.395,0.371,0.286,0.303,0.741,0.760,0.773,0.420,0.443,0.413,0.423,0.378,0.383,0.374,0.292,0.295,0.866,0.856,0.892,0.486,0.445,0.394,0.412,0.398,0.387,0.380,0.276,0.341,0.989,1.038,1.049,0.792,0.956,0.400,0.396,0.378,0.376,0.380,0.280,0.359,1.169,1.421,1.185,1.069,1.379,0.406,0.409,0.394,0.383,0.371,0.282,0.372,0.406,0.389,0.343,0.305,0.298,0.291,0.285,0.281,0.274,0.282,0.277
Raw Data  (600),15 h 45 min,0.284,0.287,0.286,0.307,0.279,0.273,0.262,0.261,0.263,0.256,0.265,0.280,0.294,0.925,0.920,0.925,0.927,1.014,0.389,0.382,0.356,0.358,0.356,0.270,0.353,0.706,0.488,0.810,0.431,0.429,0.435,0.442,0.392,0.391,0.369,0.282,0.299,0.738,0.767,0.773,0.419,0.439,0.410,0.418,0.378,0.375,0.372,0.282,0.301,0.893,0.890,0.901,0.480,0.441,0.401,0.419,0.404,0.388,0.364,0.267,0.342,1.030,1.074,1.056,0.783,0.929,0.395,0.405,0.384,0.381,0.375,0.279,0.384,1.209,1.457,1.183,1.054,1.391,0.402,0.402,0.397,0.382,0.374,0.281,0.392,0.425,0.401,0.349,0.305,0.301,0.292,0.280,0.280,0.274,0.285,0.277
Raw Data  (600),16 h ,0.285,0.286,0.290,0.304,0.279,0.271,0.259,0.264,0.261,0.252,0.266,0.279,0.297,0.923,0.919,0.925,0.929,1.016,0.385,0.387,0.365,0.365,0.355,0.277,0.355,0.688,0.488,0.805,0.427,0.436,0.428,0.441,0.401,0.383,0.374,0.297,0.304,0.739,0.765,0.773,0.420,0.439,0.412,0.414,0.381,0.376,0.379,0.298,0.298,0.868,0.861,0.887,0.463,0.442,0.411,0.425,0.405,0.383,0.375,0.308,0.340,1.009,1.046,1.017,0.742,0.913,0.398,0.399,0.378,0.384,0.419,0.324,0.389,1.204,1.446,1.140,0.999,1.405,0.409,0.408,0.396,0.383,0.391,0.303,0.413,0.432,0.383,0.351,0.305,0.298,0.286,0.275,0.278,0.276,0.289,0.275
Raw Data  (600),16 h 15 min,0.287,0.287,0.288,0.305,0.279,0.275,0.261,0.265,0.263,0.255,0.269,0.279,0.295,0.924,0.922,0.926,0.930,1.013,0.389,0.389,0.356,0.358,0.359,0.275,0.353,0.704,0.490,0.809,0.438,0.433,0.437,0.452,0.398,0.397,0.372,0.281,0.301,0.748,0.782,0.794,0.429,0.443,0.411,0.419,0.371,0.374,0.370,0.283,0.302,0.915,0.921,0.952,0.501,0.453,0.411,0.412,0.400,0.380,0.364,0.281,0.342,1.050,1.113,1.106,0.793,0.948,0.406,0.410,0.390,0.383,0.380,0.281,0.377,1.220,1.482,1.192,1.029,1.414,0.412,0.404,0.401,0.385,0.373,0.283,0.393,0.420,0.398,0.345,0.297,0.297,0.285,0.274,0.281,0.279,0.284,0.269
Raw Data  (600),16 h 30 min,0.285,0.286,0.286,0.308,0.279,0.271,0.261,0.264,0.265,0.256,0.268,0.276,0.295,0.925,0.922,0.926,0.930,1.015,0.396,0.380,0.360,0.367,0.352,0.272,0.352,0.705,0.487,0.802,0.434,0.435,0.435,0.443,0.397,0.384,0.371,0.278,0.301,0.738,0.762,0.774,0.416,0.435,0.406,0.410,0.374,0.375,0.371,0.281,0.300,0.890,0.900,0.926,0.481,0.434,0.420,0.407,0.404,0.386,0.369,0.295,0.343,1.054,1.121,1.127,0.808,0.933,0.406,0.406,0.385,0.383,0.393,0.293,0.395,1.242,1.510,1.228,1.046,1.427,0.410,0.413,0.398,0.378,0.377,0.288,0.415,0.434,0.413,0.348,0.303,0.298,0.284,0.285,0.290,0.282,0.287,0.281
Raw Data  (600),16 h 45 min,0.285,0.285,0.287,0.304,0.281,0.272,0.260,0.262,0.258,0.254,0.265,0.279,0.295,0.927,0.921,0.925,0.930,1.016,0.389,0.375,0.359,0.362,0.358,0.273,0.353,0.695,0.485,0.793,0.431,0.440,0.432,0.447,0.380,0.385,0.379,0.277,0.302,0.740,0.764,0.774,0.419,0.444,0.413,0.419,0.382,0.377,0.380,0.283,0.295,0.874,0.873,0.894,0.472,0.438,0.417,0.415,0.416,0.397,0.379,0.284,0.340,0.996,1.048,1.050,0.758,0.922,0.400,0.404,0.394,0.381,0.387,0.298,0.355,1.188,1.476,1.158,0.999,1.445,0.410,0.410,0.397,0.379,0.375,0.285,0.390,0.405,0.375,0.328,0.297,0.304,0.295,0.287,0.282,0.274,0.285,0.277
Raw Data  (600),17 h ,0.285,0.286,0.287,0.308,0.277,0.276,0.259,0.262,0.260,0.255,0.266,0.279,0.296,0.925,0.924,0.925,0.927,1.016,0.385,0.387,0.367,0.359,0.365,0.275,0.353,0.689,0.485,0.807,0.427,0.436,0.434,0.448,0.394,0.391,0.374,0.281,0.302,0.738,0.763,0.773,0.417,0.439,0.411,0.415,0.378,0.376,0.371,0.282,0.299,0.889,0.885,0.902,0.459,0.435,0.407,0.420,0.401,0.388,0.370,0.279,0.343,1.023,1.084,1.085,0.755,0.919,0.408,0.411,0.382,0.380,0.380,0.280,0.379,1.230,1.516,1.212,1.002,1.452,0.412,0.411,0.402,0.384,0.375,0.284,0.392,0.410,0.377,0.326,0.297,0.302,0.285,0.281,0.281,0.276,0.282,0.273
Raw Data  (600),17 h 15 min,0.285,0.285,0.287,0.306,0.282,0.276,0.261,0.264,0.262,0.258,0.268,0.280,0.295,0.924,0.923,0.926,0.928,1.016,0.387,0.387,0.364,0.368,0.365,0.277,0.352,0.704,0.483,0.804,0.431,0.442,0.432,0.445,0.397,0.385,0.363,0.281,0.297,0.736,0.763,0.773,0.422,0.442,0.411,0.417,0.378,0.382,0.376,0.285,0.295,0.865,0.862,0.887,0.469,0.436,0.422,0.406,0.406,0.389,0.367,0.288,0.341,0.989,1.051,1.061,0.750,0.937,0.393,0.398,0.382,0.375,0.384,0.285,0.358,1.212,1.527,1.219,1.015,1.466,0.433,0.416,0.403,0.384,0.377,0.275,0.392,0.408,0.400,0.339,0.299,0.307,0.288,0.282,0.287,0.277,0.286,0.275
Raw Data  (600),17 h 30 min,0.285,0.285,0.285,0.305,0.278,0.269,0.258,0.261,0.259,0.255,0.265,0.288,0.296,0.924,0.924,0.929,0.929,1.014,0.389,0.388,0.361,0.365,0.363,0.279,0.351,0.702,0.487,0.795,0.434,0.435,0.436,0.451,0.394,0.382,0.366,0.284,0.302,0.737,0.760,0.773,0.421,0.444,0.411,0.416,0.372,0.371,0.370,0.282,0.297,0.870,0.862,0.890,0.472,0.432,0.425,0.435,0.421,0.385,0.361,0.314,0.339,0.988,1.039,1.046,0.772,0.967,0.398,0.390,0.380,0.373,0.385,0.324,0.355,1.203,1.526,1.206,1.053,1.483,0.421,0.413,0.400,0.383,0.381,0.284,0.400,0.418,0.398,0.342,0.306,0.305,0.297,0.279,0.287,0.278,0.286,0.272
Raw Data  (600),17 h 45 min,0.284,0.287,0.285,0.301,0.275,0.271,0.259,0.262,0.259,0.254,0.265,0.280,0.293,0.927,0.925,0.924,0.930,1.016,0.387,0.390,0.361,0.380,0.363,0.266,0.351,0.690,0.487,0.777,0.433,0.435,0.431,0.447,0.399,0.387,0.375,0.288,0.299,0.739,0.760,0.771,0.422,0.436,0.413,0.417,0.369,0.375,0.372,0.283,0.296,0.868,0.856,0.883,0.466,0.427,0.418,0.421,0.404,0.396,0.365,0.285,0.337,0.976,1.025,1.035,0.752,0.933,0.394,0.391,0.374,0.378,0.372,0.282,0.352,1.202,1.543,1.233,1.067,1.491,0.416,0.407,0.403,0.384,0.375,0.285,0.413,0.441,0.445,0.398,0.354,0.333,0.293,0.287,0.283,0.262,0.286,0.273
Raw Data  (600),18 h ,0.286,0.286,0.288,0.304,0.277,0.272,0.260,0.264,0.266,0.257,0.269,0.284,0.294,0.927,0.924,0.928,0.929,1.014,0.382,0.378,0.355,0.358,0.359,0.262,0.352,0.689,0.489,0.799,0.441,0.441,0.440,0.452,0.401,0.392,0.381,0.279,0.302,0.741,0.762,0.772,0.421,0.435,0.410,0.422,0.380,0.390,0.380,0.278,0.295,0.865,0.854,0.881,0.453,0.429,0.404,0.434,0.400,0.392,0.364,0.278,0.342,0.974,1.017,1.020,0.742,0.922,0.409,0.411,0.383,0.382,0.377,0.278,0.340,1.179,1.537,1.202,1.031,1.504,0.406,0.413,0.394,0.384,0.375,0.286,0.392,0.409,0.405,0.371,0.300,0.297,0.286,0.287,0.281,0.280,0.289,0.275
Raw Data  (600),18 h 15 min,0.286,0.287,0.287,0.305,0.279,0.275,0.261,0.265,0.262,0.258,0.270,0.283,0.297,0.925,0.925,0.926,0.930,1.015,0.387,0.379,0.368,0.364,0.358,0.271,0.351,0.708,0.482,0.816,0.425,0.437,0.431,0.447,0.390,0.384,0.369,0.280,0.304,0.738,0.763,0.775,0.423,0.443,0.413,0.419,0.377,0.381,0.381,0.282,0.296,0.869,0.858,0.881,0.452,0.429,0.420,0.405,0.410,0.391,0.378,0.287,0.340,0.984,1.018,1.021,0.739,0.922,0.399,0.387,0.374,0.378,0.368,0.281,0.372,1.201,1.563,1.212,1.032,1.515,0.411,0.414,0.399,0.380,0.372,0.284,0.425,0.437,0.437,0.369,0.299,0.303,0.287,0.275,0.286,0.276,0.287,0.273
Raw Data  (600),18 h 30 min,0.286,0.287,0.287,0.306,0.279,0.275,0.264,0.265,0.264,0.254,0.267,0.281,0.295,0.926,0.923,0.926,0.925,1.015,0.387,0.375,0.363,0.365,0.363,0.272,0.351,0.696,0.483,0.800,0.435,0.451,0.431,0.449,0.398,0.387,0.367,0.286,0.304,0.741,0.762,0.778,0.428,0.442,0.413,0.418,0.380,0.379,0.377,0.284,0.297,0.864,0.856,0.880,0.452,0.429,0.417,0.420,0.410,0.390,0.369,0.287,0.342,0.967,1.006,1.015,0.741,0.921,0.390,0.401,0.380,0.377,0.395,0.295,0.342,1.181,1.565,1.215,1.068,1.525,0.409,0.423,0.409,0.397,0.391,0.299,0.404,0.416,0.419,0.373,0.309,0.302,0.290,0.290,0.282,0.281,0.295,0.271
Raw Data  (600),18 h 45 min,0.287,0.286,0.287,0.306,0.278,0.272,0.261,0.266,0.260,0.255,0.268,0.283,0.295,0.923,0.921,0.924,0.927,1.011,0.383,0.377,0.357,0.364,0.358,0.263,0.355,0.691,0.501,0.844,0.431,0.447,0.434,0.468,0.399,0.380,0.370,0.275,0.321,0.766,0.796,0.799,0.432,0.451,0.412,0.417,0.380,0.377,0.380,0.286,0.305,0.929,0.951,0.933,0.462,0.427,0.400,0.409,0.399,0.378,0.362,0.280,0.340,1.041,1.095,1.060,0.757,0.935,0.394,0.408,0.380,0.376,0.375,0.281,0.372,1.216,1.587,1.231,1.087,1.534,0.441,0.426,0.409,0.377,0.375,0.277,0.424,0.436,0.431,0.394,0.341,0.342,0.336,0.332,0.338,0.312,0.295,0.279
Raw Data  (600),19 h ,0.297,0.285,0.288,0.306,0.278,0.272,0.264,0.264,0.260,0.259,0.271,0.282,0.295,0.925,0.924,0.926,0.929,1.014,0.393,0.382,0.362,0.362,0.357,0.272,0.351,0.697,0.489,0.816,0.448,0.435,0.435,0.449,0.393,0.392,0.370,0.284,0.297,0.748,0.770,0.786,0.441,0.453,0.418,0.414,0.381,0.386,0.382,0.285,0.295,0.902,0.940,0.921,0.466,0.456,0.421,0.407,0.408,0.376,0.364,0.279,0.342,1.032,1.105,1.075,0.776,0.980,0.410,0.409,0.387,0.385,0.376,0.276,0.344,1.212,1.581,1.225,1.092,1.546,0.462,0.443,0.404,0.380,0.374,0.283,0.396,0.405,0.408,0.368,0.319,0.333,0.327,0.291,0.285,0.282,0.286,0.270
Raw Data  (600),19 h 15 min,0.289,0.286,0.289,0.309,0.279,0.276,0.266,0.264,0.265,0.259,0.274,0.286,0.298,0.925,0.924,0.927,0.927,1.014,0.393,0.377,0.364,0.365,0.367,0.268,0.354,0.688,0.490,0.833,0.439,0.443,0.435,0.449,0.393,0.386,0.385,0.283,0.303,0.745,0.762,0.779,0.437,0.450,0.412,0.421,0.385,0.382,0.384,0.279,0.297,0.883,0.889,0.890,0.453,0.435,0.407,0.414,0.407,0.382,0.371,0.276,0.343,1.021,1.081,1.050,0.756,0.947,0.404,0.393,0.382,0.382,0.377,0.285,0.388,1.223,1.604,1.229,1.089,1.550,0.419,0.410,0.399,0.386,0.375,0.285,0.425,0.447,0.429,0.375,0.310,0.307,0.293,0.275,0.279,0.282,0.289,0.269
Raw Data  (600),19 h 30 min,0.292,0.286,0.286,0.305,0.277,0.280,0.264,0.264,0.260,0.258,0.269,0.281,0.296,0.923,0.921,0.925,0.928,1.013,0.387,0.378,0.360,0.364,0.361,0.271,0.351,0.693,0.494,0.824,0.442,0.457,0.431,0.451,0.390,0.374,0.371,0.277,0.302,0.743,0.775,0.802,0.460,0.448,0.406,0.408,0.369,0.375,0.367,0.284,0.299,0.890,0.920,0.962,0.534,0.479,0.429,0.423,0.403,0.382,0.362,0.281,0.343,1.024,1.112,1.139,0.858,1.029,0.403,0.402,0.377,0.392,0.380,0.275,0.341,1.203,1.607,1.269,1.161,1.560,0.426,0.406,0.395,0.385,0.367,0.286,0.386,0.403,0.405,0.339,0.307,0.299,0.289,0.278,0.286,0.278,0.284,0.276
Raw Data  (600),19 h 45 min,0.286,0.286,0.287,0.303,0.278,0.272,0.264,0.263,0.260,0.255,0.267,0.279,0.294,0.924,0.921,0.925,0.929,1.012,0.387,0.376,0.360,0.367,0.362,0.266,0.354,0.696,0.493,0.833,0.440,0.457,0.427,0.445,0.396,0.385,0.366,0.286,0.304,0.747,0.772,0.790,0.449,0.457,0.410,0.417,0.377,0.374,0.371,0.280,0.299,0.903,0.937,0.966,0.507,0.440,0.416,0.400,0.413,0.385,0.370,0.280,0.342,1.054,1.154,1.165,0.836,0.965,0.404,0.401,0.384,0.381,0.379,0.286,0.345,1.230,1.611,1.256,1.105,1.570,0.406,0.406,0.388,0.376,0.378,0.283,0.388,0.392,0.389,0.340,0.297,0.300,0.289,0.280,0.279,0.280,0.288,0.274
Raw Data  (600),20 h ,0.287,0.287,0.289,0.306,0.278,0.274,0.259,0.257,0.263,0.260,0.269,0.284,0.294,0.920,0.921,0.925,0.926,1.012,0.390,0.378,0.369,0.368,0.359,0.261,0.354,0.695,0.498,0.810,0.441,0.459,0.430,0.445,0.389,0.388,0.375,0.285,0.303,0.747,0.775,0.796,0.461,0.463,0.412,0.416,0.379,0.380,0.378,0.290,0.299,0.890,0.910,0.941,0.491,0.457,0.420,0.417,0.416,0.388,0.369,0.284,0.341,1.042,1.138,1.144,0.831,0.965,0.402,0.400,0.384,0.379,0.379,0.284,0.371,1.242,1.623,1.262,1.116,1.574,0.417,0.411,0.394,0.384,0.375,0.281,0.412,0.434,0.407,0.361,0.325,0.326,0.311,0.292,0.283,0.282,0.287,0.269
Raw Data  (600),20 h 15 min,0.287,0.286,0.288,0.304,0.278,0.272,0.260,0.264,0.260,0.254,0.271,0.282,0.291,0.922,0.924,0.924,0.926,1.014,0.389,0.385,0.367,0.369,0.369,0.261,0.353,0.696,0.505,0.812,0.440,0.461,0.442,0.454,0.395,0.387,0.380,0.289,0.300,0.742,0.760,0.778,0.442,0.463,0.422,0.442,0.397,0.396,0.387,0.289,0.296,0.871,0.870,0.894,0.462,0.429,0.447,0.484,0.450,0.416,0.396,0.296,0.341,0.989,1.065,1.072,0.784,0.955,0.409,0.432,0.396,0.390,0.386,0.278,0.347,1.189,1.603,1.214,1.086,1.584,0.416,0.411,0.397,0.387,0.374,0.284,0.382,0.394,0.371,0.336,0.298,0.301,0.287,0.280,0.278,0.281,0.282,0.271
Raw Data  (600),20 h 30 min,0.294,0.286,0.288,0.305,0.278,0.282,0.258,0.263,0.260,0.257,0.271,0.283,0.298,0.924,0.925,0.925,0.928,1.014,0.381,0.375,0.363,0.357,0.356,0.270,0.351,0.697,0.512,0.828,0.445,0.464,0.434,0.449,0.404,0.389,0.384,0.270,0.298,0.742,0.763,0.777,0.445,0.465,0.405,0.416,0.385,0.383,0.370,0.285,0.299,0.883,0.886,0.902,0.454,0.432,0.419,0.450,0.436,0.416,0.370,0.281,0.336,1.040,1.123,1.098,0.749,0.927,0.404,0.429,0.423,0.387,0.380,0.282,0.391,1.259,1.669,1.258,1.055,1.594,0.425,0.436,0.419,0.383,0.370,0.278,0.403,0.432,0.411,0.333,0.296,0.306,0.299,0.305,0.292,0.282,0.287,0.277
Raw Data  (600),20 h 45 min,0.289,0.288,0.289,0.305,0.278,0.272,0.259,0.264,0.261,0.257,0.273,0.286,0.295,0.924,0.921,0.927,0.927,1.014,0.382,0.378,0.367,0.361,0.360,0.268,0.352,0.701,0.517,0.834,0.451,0.472,0.433,0.441,0.391,0.386,0.369,0.281,0.300,0.744,0.761,0.778,0.460,0.477,0.408,0.418,0.380,0.381,0.386,0.280,0.298,0.869,0.868,0.893,0.464,0.429,0.409,0.410,0.402,0.392,0.363,0.280,0.327,1.026,1.112,1.127,0.805,0.957,0.401,0.403,0.385,0.380,0.378,0.272,0.376,1.273,1.741,1.355,1.202,1.608,0.423,0.409,0.392,0.381,0.378,0.283,0.404,0.451,0.465,0.384,0.338,0.306,0.295,0.279,0.282,0.277,0.286,0.275
Raw Data  (600),21 h ,0.287,0.287,0.289,0.304,0.280,0.274,0.261,0.265,0.259,0.255,0.273,0.285,0.295,0.924,0.920,0.926,0.928,1.014,0.391,0.374,0.355,0.360,0.363,0.268,0.354,0.702,0.524,0.823,0.440,0.471,0.436,0.448,0.388,0.389,0.370,0.285,0.299,0.739,0.760,0.775,0.463,0.481,0.408,0.419,0.371,0.373,0.374,0.281,0.300,0.878,0.871,0.895,0.456,0.424,0.409,0.423,0.390,0.395,0.365,0.276,0.318,1.002,1.072,1.074,0.774,0.949,0.405,0.409,0.384,0.384,0.383,0.287,0.380,1.237,1.686,1.306,1.162,1.615,0.417,0.416,0.403,0.382,0.377,0.294,0.411,0.434,0.434,0.341,0.298,0.303,0.289,0.285,0.290,0.274,0.287,0.274
Raw Data  (600),21 h 15 min,0.287,0.289,0.290,0.306,0.279,0.272,0.262,0.264,0.259,0.256,0.271,0.283,0.296,0.924,0.922,0.927,0.928,1.012,0.390,0.379,0.365,0.356,0.370,0.269,0.353,0.697,0.535,0.809,0.454,0.471,0.439,0.452,0.387,0.379,0.371,0.278,0.299,0.742,0.763,0.778,0.473,0.490,0.415,0.418,0.373,0.374,0.375,0.283,0.299,0.872,0.863,0.889,0.453,0.425,0.410,0.431,0.400,0.385,0.363,0.286,0.315,0.980,1.045,1.046,0.744,0.936,0.410,0.409,0.391,0.386,0.380,0.284,0.342,1.186,1.653,1.231,1.085,1.623,0.422,0.424,0.398,0.383,0.374,0.285,0.366,0.386,0.367,0.324,0.298,0.303,0.303,0.290,0.282,0.278,0.287,0.278
Raw Data  (600),21 h 30 min,0.286,0.287,0.289,0.302,0.279,0.269,0.260,0.265,0.259,0.254,0.268,0.292,0.296,0.924,0.923,0.927,0.929,1.014,0.389,0.381,0.364,0.359,0.360,0.274,0.354,0.701,0.542,0.824,0.442,0.463,0.437,0.452,0.387,0.395,0.366,0.287,0.300,0.742,0.762,0.778,0.486,0.498,0.413,0.420,0.383,0.381,0.374,0.282,0.298,0.870,0.866,0.888,0.454,0.430,0.420,0.432,0.406,0.390,0.375,0.284,0.309,0.989,1.038,1.040,0.739,0.933,0.401,0.397,0.384,0.378,0.380,0.282,0.385,1.218,1.668,1.249,1.120,1.639,0.423,0.414,0.394,0.383,0.377,0.283,0.429,0.441,0.418,0.355,0.322,0.311,0.304,0.288,0.284,0.279,0.288,0.279
Raw Data  (600),21 h 45 min,0.287,0.287,0.289,0.305,0.280,0.276,0.261,0.261,0.262,0.255,0.270,0.284,0.297,0.921,0.921,0.924,0.925,1.012,0.388,0.376,0.355,0.364,0.358,0.278,0.354,0.716,0.554,0.813,0.472,0.486,0.433,0.450,0.390,0.392,0.377,0.288,0.305,0.742,0.761,0.781,0.506,0.508,0.414,0.420,0.374,0.379,0.379,0.292,0.298,0.866,0.864,0.887,0.439,0.428,0.422,0.441,0.413,0.407,0.401,0.323,0.306,0.993,1.049,1.044,0.733,0.931,0.404,0.410,0.389,0.393,0.428,0.344,0.348,1.205,1.678,1.235,1.072,1.643,0.410,0.411,0.395,0.389,0.388,0.320,0.396,0.403,0.373,0.318,0.295,0.297,0.288,0.280,0.280,0.278,0.285,0.276
Raw Data  (600),22 h ,0.288,0.287,0.289,0.306,0.280,0.275,0.264,0.266,0.263,0.261,0.273,0.289,0.297,0.923,0.926,0.926,0.928,1.014,0.388,0.376,0.356,0.365,0.361,0.267,0.357,0.711,0.570,0.832,0.492,0.492,0.436,0.448,0.395,0.391,0.382,0.277,0.306,0.742,0.760,0.780,0.510,0.510,0.414,0.418,0.378,0.378,0.377,0.283,0.298,0.878,0.878,0.901,0.455,0.430,0.410,0.414,0.402,0.383,0.369,0.286,0.306,1.014,1.078,1.067,0.746,0.938,0.393,0.407,0.382,0.388,0.387,0.289,0.379,1.244,1.686,1.253,1.075,1.653,0.411,0.407,0.393,0.380,0.372,0.287,0.430,0.436,0.397,0.328,0.302,0.309,0.303,0.283,0.281,0.277,0.284,0.267
Raw Data  (600),22 h 15 min,0.286,0.288,0.288,0.303,0.279,0.272,0.260,0.264,0.258,0.254,0.267,0.281,0.295,0.922,0.922,0.923,0.928,1.012,0.396,0.394,0.368,0.369,0.371,0.264,0.355,0.696,0.573,0.823,0.463,0.499,0.439,0.460,0.394,0.400,0.379,0.284,0.303,0.742,0.759,0.774,0.526,0.513,0.412,0.417,0.368,0.373,0.374,0.285,0.298,0.875,0.875,0.889,0.447,0.420,0.404,0.416,0.406,0.381,0.369,0.283,0.307,1.020,1.074,1.056,0.738,0.932,0.403,0.401,0.394,0.381,0.388,0.288,0.402,1.265,1.695,1.249,1.084,1.658,0.410,0.409,0.395,0.384,0.373,0.278,0.459,0.469,0.426,0.328,0.298,0.304,0.296,0.280,0.283,0.272,0.290,0.273
Raw Data  (600),22 h 30 min,0.286,0.288,0.290,0.305,0.277,0.268,0.262,0.265,0.262,0.257,0.269,0.283,0.294,0.923,0.922,0.924,0.928,1.015,0.389,0.379,0.360,0.368,0.362,0.265,0.354,0.701,0.591,0.800,0.466,0.480,0.436,0.449,0.389,0.400,0.374,0.281,0.302,0.742,0.762,0.782,0.535,0.517,0.418,0.428,0.375,0.379,0.379,0.285,0.296,0.873,0.892,0.922,0.456,0.441,0.445,0.460,0.419,0.390,0.367,0.280,0.305,1.010,1.099,1.098,0.755,0.953,0.408,0.442,0.405,0.378,0.376,0.279,0.345,1.230,1.692,1.247,1.094,1.663,0.436,0.436,0.404,0.382,0.377,0.275,0.400,0.410,0.394,0.323,0.292,0.307,0.290,0.279,0.280,0.274,0.284,0.275
Raw Data  (600),22 h 45 min,0.286,0.288,0.288,0.303,0.278,0.272,0.259,0.259,0.258,0.253,0.267,0.281,0.294,0.926,0.919,0.925,0.928,1.015,0.391,0.386,0.366,0.370,0.368,0.265,0.352,0.707,0.613,0.816,0.494,0.505,0.439,0.452,0.397,0.384,0.373,0.286,0.299,0.741,0.760,0.778,0.546,0.523,0.408,0.422,0.377,0.377,0.377,0.282,0.299,0.867,0.877,0.909,0.454,0.434,0.416,0.421,0.397,0.388,0.371,0.282,0.305,0.988,1.072,1.083,0.743,0.947,0.401,0.415,0.386,0.380,0.383,0.280,0.341,1.205,1.672,1.236,1.090,1.675,0.417,0.411,0.394,0.381,0.373,0.282,0.387,0.396,0.385,0.321,0.302,0.331,0.293,0.283,0.277,0.280,0.285,0.271
Raw Data  (600),23 h ,0.286,0.288,0.290,0.303,0.278,0.271,0.257,0.259,0.262,0.253,0.268,0.282,0.294,0.922,0.922,0.924,0.928,1.015,0.394,0.384,0.368,0.362,0.365,0.273,0.352,0.705,0.627,0.811,0.459,0.523,0.434,0.448,0.392,0.390,0.370,0.282,0.301,0.740,0.758,0.774,0.552,0.523,0.411,0.421,0.382,0.376,0.376,0.284,0.296,0.866,0.861,0.899,0.448,0.437,0.410,0.422,0.405,0.389,0.372,0.281,0.306,0.972,1.048,1.072,0.742,0.940,0.396,0.395,0.388,0.382,0.381,0.280,0.340,1.185,1.663,1.247,1.120,1.671,0.413,0.411,0.392,0.381,0.369,0.278,0.376,0.396,0.376,0.320,0.297,0.308,0.294,0.286,0.285,0.273,0.285,0.273
Raw Data  (600),23 h 15 min,0.287,0.289,0.291,0.304,0.278,0.276,0.261,0.264,0.261,0.259,0.275,0.286,0.294,0.924,0.922,0.925,0.927,1.012,0.382,0.384,0.361,0.372,0.370,0.272,0.350,0.709,0.640,0.845,0.471,0.522,0.436,0.454,0.387,0.390,0.372,0.280,0.300,0.738,0.756,0.774,0.559,0.524,0.415,0.422,0.372,0.377,0.376,0.283,0.299,0.863,0.864,0.890,0.448,0.433,0.418,0.397,0.402,0.380,0.368,0.282,0.302,0.974,1.050,1.064,0.746,0.936,0.402,0.407,0.386,0.383,0.375,0.280,0.341,1.183,1.663,1.249,1.099,1.680,0.411,0.405,0.401,0.386,0.381,0.288,0.376,0.386,0.372,0.319,0.293,0.300,0.295,0.279,0.284,0.277,0.288,0.276
Raw Data  (600),23 h 30 min,0.288,0.293,0.293,0.307,0.284,0.275,0.263,0.266,0.262,0.253,0.272,0.286,0.296,0.923,0.919,0.924,0.927,1.010,0.384,0.380,0.359,0.365,0.364,0.267,0.351,0.700,0.648,0.834,0.476,0.515,0.435,0.441,0.397,0.396,0.367,0.275,0.297,0.740,0.757,0.777,0.567,0.537,0.419,0.421,0.384,0.384,0.380,0.285,0.298,0.863,0.861,0.896,0.460,0.434,0.404,0.426,0.407,0.386,0.369,0.288,0.306,0.963,1.039,1.059,0.737,0.936,0.398,0.402,0.386,0.383,0.382,0.277,0.338,1.162,1.653,1.212,1.074,1.675,0.417,0.415,0.398,0.387,0.377,0.279,0.373,0.381,0.363,0.312,0.291,0.303,0.293,0.279,0.284,0.283,0.288,0.275
Raw Data  (600),23 h 45 min,0.287,0.289,0.289,0.303,0.278,0.270,0.259,0.261,0.262,0.257,0.271,0.286,0.302,0.922,0.920,0.926,0.927,1.012,0.390,0.380,0.358,0.368,0.362,0.263,0.350,0.696,0.662,0.805,0.474,0.534,0.435,0.451,0.381,0.398,0.366,0.276,0.298,0.739,0.755,0.775,0.573,0.531,0.413,0.427,0.384,0.381,0.377,0.277,0.298,0.862,0.859,0.887,0.450,0.437,0.400,0.417,0.397,0.377,0.366,0.280,0.300,0.956,1.014,1.041,0.724,0.932,0.395,0.396,0.372,0.378,0.369,0.275,0.335,1.144,1.656,1.209,1.058,1.684,0.414,0.407,0.400,0.392,0.381,0.284,0.359,0.377,0.365,0.318,0.296,0.305,0.290,0.288,0.283,0.277,0.285,0.277
Raw Data  (600),24 h ,0.289,0.291,0.293,0.307,0.283,0.276,0.262,0.262,0.261,0.260,0.276,0.286,0.299,0.922,0.924,0.924,0.927,1.012,0.390,0.380,0.359,0.357,0.356,0.265,0.354,0.723,0.679,0.849,0.491,0.521,0.437,0.450,0.392,0.395,0.369,0.275,0.299,0.743,0.764,0.779,0.574,0.532,0.417,0.419,0.381,0.386,0.381,0.281,0.301,0.866,0.863,0.885,0.452,0.445,0.407,0.409,0.389,0.383,0.368,0.279,0.309,0.959,1.025,1.044,0.734,0.926,0.403,0.402,0.383,0.387,0.387,0.282,0.342,1.147,1.646,1.209,1.059,1.682,0.410,0.408,0.397,0.383,0.374,0.286,0.364,0.385,0.376,0.316,0.292,0.310,0.292,0.291,0.274,0.280,0.287,0.276
,,,,,,,,,,,,,,,,,,,,,,,,,,,,,,,,,,,,,,,,,,,,,,,,,,,,,,,,,,,,,,,,,,,,,,,,,,,,,,,,,,,,,,,,,,,,,,,,,
